U11S pairs,,,,,,,,
1-May,,,,,,,,
H&D,Brockenhurst,,,,,,,
New Milton,Pylewell Park,,,,,,,
Lyndhurst,Lymington 2,,,,,,,
Lymington 3,Fawley,,,,,,,
==========,,,,,,,,
8-May,,,,,,,,
Pylewell Park,H&D,,,,,,,
Fawley,Lyndhurst,,,,,,,
Lymington 2,New Milton,,,,,,,
Brockenhurst,Lymington 3,,,,,,,
==========,,,,,,,,
15-May,,,,,,,,
H&D,Lymington 2,,,,,,,
Brockenhurst,Pylewell Park,,,,,,,
New Milton,Fawley,,,,,,,
Lymington 3,Lyndhurst,,,,,,,
==========,,,,,,,,
22-May,,,,,,,,
Fawley,H&D,,,,,,,
Lymington 2,Brockenhurst,,,,,,,
Lyndhurst,New Milton,,,,,,,
Pylewell Park,Lymington 3,,,,,,,
==========,,,,,,,,
5-Jun,,,,,,,,
H&D,Lyndhurst,,,,,,,
Brockenhurst,Fawley,,,,,,,
Pylewell Park,Lymington 2,,,,,,,
Lymington 3,New Milton,,,,,,,
==========,,,,,,,,
12-Jun,,,,,,,,
New Milton,H&D,,,,,,,
Lyndhurst,Brockenhurst,,,,,,,
Fawley,Pylewell Park,,,,,,,
Lymington 2,Lymington 3,,,,,,,
==========,,,,,,,,
19-Jun,,,,,,,,
Lymington 2,Fawley,,,,,,,
Brockenhurst,New Milton,,,,,,,
Pylewell Park,Lyndhurst,,,,,,,
H&D,Lymington 3,,,,,,,
==========,,,,,,,,
26-Jun,,,,,,,,
Fawley,Lymington 2,,,,,,,
New Milton,Brockenhurst,,,,,,,
Lyndhurst,Pylewell Park,,,,,,,
Lymington 3,H&D,,,,,,,
==========,,,,,,,,
3-Jul,,,,,,,,
Brockenhurst,H&D,,,,,,,
Pylewell Park,New Milton,,,,,,,
Lymington 2,Lyndhurst,,,,,,,
Fawley,Lymington 3,,,,,,,
==========,,,,,,,,
10-Jul,,,,,,,,
H&D,Pylewell Park,,,,,,,
Lyndhurst,Fawley,,,,,,,
New Milton,Lymington 2,,,,,,,
Lymington 3,Brockenhurst,,,,,,,
