1-May,
Totton & Eling 2,Calmore
Bramshaw,Totton & Eling 1
Hyde,Langley 2
Paultons,M&T
Langley 1,OT's 2
Bye,Wellow
==========,
8-May,
Totton & Eling 1,Totton & Eling 2
Wellow,Langley 1
Langley 2,Bramshaw
M&T,Hyde
OT's 2,Paultons
Calmore,Bye
==========,
15-May,
Totton & Eling 2,Langley 2
Calmore,Totton & Eling 1
Bramshaw,M&T
Hyde,OT's 2
Paultons,Wellow
Bye,Langley 1
==========,
22-May,
M&T,Totton & Eling 2
Langley 2,Calmore
Langley 1,Paultons
OT's 2,Bramshaw
Wellow,Hyde
Totton & Eling 1,Bye
==========,
5-Jun,
,
Totton & Eling 2,OT's 2
Calmore,M&T
Totton & Eling 1,Langley 2
Bramshaw,Wellow
Hyde,Langley 1
Bye,Paultons
==========,
12-Jun,
Wellow,Totton & Eling 2
OT's 2,Calmore
M&T,Totton & Eling 1
Paultons,Hyde
Langley 1,Bramshaw
Langley 2,Bye
==========,
19-Jun,
Totton & Eling 2,Langley 1
Calmore,Wellow
Totton & Eling 1,OT's 2
Langley 2,M&T
Bramshaw,Paultons
Bye,Hyde
==========,
26-Jun,
Paultons,Totton & Eling 2
Langley 1,Calmore
Wellow,Totton & Eling 1
OT's 2,Langley 2
Hyde,Bramshaw
M&T,Bye
==========,
3-Jul,
Totton & Eling 2,Hyde
Calmore,Paultons
Totton & Eling 1,Langley 1
Langley 2,Wellow
M&T,OT's 2
Bye,Bramshaw
==========,
10-Jul,
Bramshaw,Totton & Eling 2
Hyde,Calmore
Paultons,Totton & Eling 1
Langley 1,Langley 2
Wellow,M&T
OT's 2,Bye
