1-May,
OT's & Romsey,Bashley
Lymington,Sway
Pylewell Park,Redlynch & Hale
==========,
8-May,
Sway,OT's & Romsey
Redlynch & Hale,Lymington
Bashley,Pylewell Park
==========,
15-May,
OT's & Romsey,Redlynch & Hale
Bashley,Sway
Pylewell Park,Lymington
==========,
22-May,
Lymington,OT's & Romsey
Redlynch & Hale,Bashley
Sway,Pylewell Park
==========,
5-Jun,
Sway,Redlynch & Hale
Bashley,Lymington
OT's & Romsey,Pylewell Park
==========,
12-Jun,
Redlynch & Hale,Sway
Lymington,Bashley
Pylewell Park,OT's & Romsey
==========,
19-Jun,
Bashley,OT's & Romsey
Sway,Lymington
Redlynch & Hale,Pylewell Park
==========,
26-Jun,
OT's & Romsey,Sway
Lymington,Redlynch & Hale
Pylewell Park,Bashley
==========,
3-Jul,
Redlynch & Hale,OT's & Romsey
Sway,Bashley
Lymington,Pylewell Park
==========,
10-Jul,
OT's & Romsey,Lymington
Bashley,Redlynch & Hale
Pylewell Park,Sway
