1-May,
"Langley Manor 1	",Bramshaw
Redlynch & Hale,OT's & Romsey
Hyde,Totton & Eling
Wellow & Plaitford,Langley Manor 2
==========,
8-May,
OT's & Romsey,"Langley Manor 1	"
Langley Manor 2,Hyde
Totton & Eling,Redlynch & Hale
Bramshaw,Wellow & Plaitford
==========,
15-May,
"Langley Manor 1	",Totton & Eling
Bramshaw,OT's & Romsey
Redlynch & Hale,Langley Manor 2
Wellow & Plaitford,Hyde
==========,
22-May,
Langley Manor 2,"Langley Manor 1	"
Totton & Eling,Bramshaw
Hyde,Redlynch & Hale
OT's & Romsey,Wellow & Plaitford
==========,
29-May,
"Langley Manor 1	",Hyde
Bramshaw,Langley Manor 2
OT's & Romsey,Totton & Eling
Wellow & Plaitford,Redlynch & Hale
,
==========,
12-Jun,
Redlynch & Hale,"Langley Manor 1	"
Hyde,Bramshaw
Langley Manor 2,OT's & Romsey
Totton & Eling,Wellow & Plaitford
,
==========,
19-Jun,
Totton & Eling,Lnagley Manor 2
Bramshaw,Redlynch & Hale
OT's & Romsey,Hyde
"Langley Manor 1	",Wellow & Plaitford
==========,
26-Jun,
Bramshaw,"Langley Manor 1	"
OT's & Romsey,Redlynch & Hale
Totton & Eling,Hyde
Langley Manor 2,Wellow & Plaitford
==========,
3-Jul,
"Langley Manor 1	",OT's & Romsey
Hyde,Langley Manor 2
Redlynch & Hale,Totton & Eling
Wellow & Plaitford,Bramshaw
==========,
10-Jul,
Totton & Eling,"Langley Manor 1	"
OT's & Romsey,Bramshaw
Langley Manor 2,Redlynch & Hale
Hyde,Wellow & Plaitford
==========,
17-Jul,
"Langley Manor 1	",Langley Manor 2
Bramshaw,Totton & Eling
Redlynch & Hale,Hyde
Wellow & Plaitford,OT's & Romsey
,
