1-May,
Beaulieu,New Milton 
Sway,Fawley
H&D,Pylewell Park 
Bransgore,Lymington 1
Lymington 2,Bashley
==========,
8-May,
Fawley,Beaulieu
Bashley,Bransgore
Pylewell Park ,Sway
Lymington 1,H&D
New Milton ,Lymington 2
==========,
15-May,
Beaulieu,Pylewell Park 
New Milton ,Fawley
Sway,Lymington 1
H&D,Bashley
Lymington 2,Bransgore
==========,
22-May,
Lymington 1,Beaulieu
Pylewell Park ,New Milton 
Bransgore,H&D
Bashley,Sway
Fawley,Lymington 2
==========,
29-May,
Beaulieu,Bashley
New Milton ,Lymington 1
Fawley,Pylewell Park 
Sway,Bransgore
Lymington 2,H&D
,
==========,
12-Jun,
Bransgore,Beaulieu
Bashley,New Milton 
Lymington 1,Fawley
H&D,Sway
Pylewell Park ,Lymington 2
==========,
19-Jun,
Beaulieu,H&D
New Milton ,Bransgore
Fawley,Bashley
Pylewell Park ,Lymington 1
Lymington 2,Sway
==========,
26-Jun,
Sway,Beaulieu
H&D,New Milton 
Bransgore,Fawley
Bashley,Pylewell Park 
Lymington 1,Lymington 2
==========,
3-Jul,
Lymington 1,Bashley
New Milton ,Sway
Fawley,H&D
Pylewell Park ,Bransgore
Beaulieu,Lymington 2
