U16S,
1-May,
Fawley,Lymington
Sway,New Milton
Bashley,Beaulieu
==========,
8-May,
New Milton,Fawley
H&D,Bashley
Beaulieu,Sway
==========,
15-May,
Fawley,Beaulieu
Lymington,New Milton
Sway,H&D
==========,
22-May,
H&D,Fawley
Beaulieu,Lymington
Bashley,Sway
==========,
5-Jun,
Fawley,Bashley
Lymington,H&D
New Milton,Beaulieu
==========,
12-Jun,
Sway,Fawley
Bashley,Lymington
H&D,New Milton
==========,
19-Jun,
Beaulieu,H&D
Lymington,Sway
New Milton,Bashley
==========,
26-Jun,
H&D,Beaulieu
Sway,Lymington
Bashley,New Milton
==========,
3-Jul,
Lymington,Fawley
New Milton,Sway
Beaulieu,Bashley
==========,
10-Jul,
Fawley,New Milton
Bashley,H&D
Sway,Beaulieu
Bye,Lymington
