U16N,,
1-May,,
Redlynch & Hale,Langley Manor,
T&E ,Paultons,
Calmore,Hyde,
==========,,
8-May,,
Paultons,Redlynch & Hale,
OT's & Romsey,Calmore,
Hyde,T&E ,
==========,,
15-May,,
Redlynch & Hale,Hyde,
Langley Manor,Paultons,
T&E ,OT's & Romsey,
==========,,
22-May,,
OT's & Romsey,Redlynch & Hale,
Hyde,Langley Manor,
Calmore,T&E ,
==========,,
5-Jun,,
Redlynch & Hale,Calmore,
Langley Manor,OT's & Romsey,
Paultons,Hyde,
==========,,
12-Jun,,
T&E ,Redlynch & Hale,
Calmore,Langley Manor,
OT's & Romsey,Paultons,
==========,,
19-Jun,,
Hyde,OT's & Romsey,
Langley Manor,T&E ,
Paultons,Calmore,
==========,,
26-Jun,,
Hyde,OT's & Romsey,
T&E ,Langley Manor,
Calmore,Paultons,
==========,,
3-Jul,,
Langley Manor,Redlynch & Hale,
Paultons,T&E ,
Hyde,Calmore,
==========,,
10-Jul,,
Redlynch & Hale,Paultons,
Calmore,OT's & Romsey,
T&E ,Hyde,
