1-May,
Langley Manor 1,Langley Manor 3
T&E,M&T
OT's 2,"OT's 1	"
Paultons,R&H
"Calmore	",W&P
==========,
8-May,
M&T,Langley Manor 1
Langley Manor 2,"Calmore	"
"OT's 1	",T&E
R&H,OT's 2
W&P,Paultons
==========,
15-May,
Langley Manor 1,"OT's 1	"
Langley Manor 3,M&T
T&E,R&H
OT's 2,W&P
Paultons,Langley Manor 2
==========,
22-May,
R&H,Langley Manor 1
"OT's 1	",Langley Manor 3
"Calmore	",Paultons
W&P,T&E
Langley Manor 2,OT's 2
==========,
29-May,
Langley Manor 1,W&P
Langley Manor 3,R&H
M&T,"OT's 1	"
T&E,Langley Manor 2
OT's 2,"Calmore	"
==========,
12-Jun,
Langley Manor 2,Langley Manor 1
W&P,Langley Manor 3
R&H,M&T
Paultons,OT's 2
"Calmore	",T&E
==========,
19-Jun,
Langley Manor 1,"Calmore	"
Langley Manor 3,Langley Manor 2
M&T,W&P
"OT's 1	",R&H
T&E,Paultons
==========,
26-Jun,
Paultons,Langley Manor 1
"Calmore	",Langley Manor 3
Langley Manor 2,M&T
W&P,"OT's 1	"
OT's 2,T&E
==========,
3-Jul,
Langley Manor 1,OT's 2
Langley Manor 3,Paultons
M&T,"Calmore	"
"OT's 1	",Langley Manor 2
R&H,W&P
==========,
10-Jul,
T&E,Langley Manor 1
OT's 2,LM3
Paultons,M&T
"Calmore	","OT's 1	"
Langley Manor 2,R&H
==========,
17-Jul,
W&P,Langley Manor 2
Langley Manor 3,T&E
M&T,OT's 2
"OT's 1	",Paultons
R&H,"Calmore	"
,
