1-May,
Bashley,Burley
Pylewell Park 2,H&D
New Milton,Lymington
Lyndhurst,Pylewell Park 1
Fawley,Sway
==========,
8-May,
H&D,Bashley
Brockenhurst,Fawley
Lymington,Pylewell Park 2
Pylewell Park 1,New Milton
Sway,Lyndhurst
==========,
15-May,
Bashley,Lymington
Burley,H&D
Pylewell Park 2,Pylewell Park 1
New Milton,Sway
Lyndhurst,Brockenhurst
==========,
22-May,
Pylewell Park 1,Bashley
Lymington,Burley
Fawley,Lyndhurst
Sway,Pylewell Park 2
Brockenhurst,New Milton
==========,
29-May,
Bashley,Sway
Burley,Pylewell Park 1
H&D,Lymington
Pylewell Park 2,Brockenhurst
New Milton,Fawley
==========,
12-Jun,
Brockenhurst,Bashley
Sway,Burley
Pylewell Park 1,H&D
Lyndhurst,New Milton
Fawley,Pylewell Park 2
==========,
19-Jun,
Bashley,Fawley
Burley,Brockenhurst
H&D,Sway
Lymington,Pylewell Park 1
Pylewell Park 2,Lyndhurst
==========,
26-Jun,
Lyndhurst,Bashley
Fawley,Burley
Brockenhurst,H&D
Sway,Lymington
New Milton,Pylewell Park 2
==========,
3-Jul,
Bashley,New Milton
Burley,Lyndhurst
H&D,Fawley
Lymington,Brockenhurst
Pylewell Park 2,Sway
==========,
10-Jul,
Pylewell Park 2,Bashley
New Milton,Burley
Lyndhurst,H&D
Fawley,Lymington
Brockenhurst,Pylewell Park 1
==========,
17-Jul,
Sway,Brockenhurst
Burley,Pylewell Park 2
H&D,New Milton
Lymington,Lyndhurst
Pylewell Park 1,Fawley
==========,
